Pokemon Name,Dex #,Type 1,Type 2,ATK,DEF,STA,QuickLegacy,move,legacy status,move,legacy status,move,legacy status,move,legacy status,move,legacy status,move,legacy status,move,ChargeLegacy,move,legacy status,move,legacy status,move,legacy status,move,legacy status,move,legacy status,move,legacy status,move,legacy status,move
Bulbasaur,1,Grass,Poison,118,118,90,c,Vine Whip,c,Tackle,c,,c,,c,,c,,c,,c,Sludge Bomb,c,Power Whip,c,Seed Bomb,c,,c,,c,,c,,c,
Ivysaur,2,Grass,Poison,151,151,120,c,Razor Leaf,c,Vine Whip,c,,c,,c,,c,,c,,c,Solar Beam,c,Sludge Bomb,c,Power Whip,c,,c,,c,,c,,c,
Venusaur,3,Grass,Poison,198,198,160,c,Razor Leaf,c,Vine Whip,c,,c,,c,,c,,c,,c,Petal Blizzard,c,Solar Beam,c,Sludge Bomb,c,,c,,c,,c,,c,
Charmander,4,Fire,,116,96,78,c,Scratch,c,Ember,c,,c,,c,,c,,c,,c,Flamethrower,c,Flame Burst,c,Flame Charge,c,,c,,c,,c,,c,
Charmeleon,5,Fire,,158,129,116,c,Fire Fang,l,Scratch,c,Ember,c,,c,,c,,c,,c,Flamethrower,c,Flame Burst,c,Fire Punch,c,,c,,c,,c,,c,
Charizard,6,Fire,Flying,223,176,156,c,Fire Spin,c,Air Slash,l,Wing Attack,l,Ember,c,,c,,c,,c,Overheat,c,Fire Blast,l,Flamethrower,c,Dragon Claw,c,,c,,c,,c,
Squirtle,7,Water,,94,122,88,c,Bubble,c,Tackle,c,,c,,c,,c,,c,,c,Aqua Tail,c,Water Pulse,c,Aqua Jet,c,,c,,c,,c,,c,
Wartortle,8,Water,,126,155,118,c,Bite,c,Water Gun,c,,c,,c,,c,,c,,c,Hydro Pump,c,Ice Beam,c,Aqua Jet,c,,c,,c,,c,,c,
Blastoise,9,Water,,171,210,158,c,Bite,c,Water Gun,c,,c,,c,,c,,c,,c,Hydro Pump,c,Flash Cannon,c,Ice Beam,c,,c,,c,,c,,c,
Caterpie,10,Bug,,55,62,90,c,Bug Bite,c,Tackle,c,,c,,c,,c,,c,,c,Struggle,c,,c,,c,,c,,c,,c,,c,
Metapod,11,Bug,,45,94,100,c,Bug Bite,c,Tackle,c,,c,,c,,c,,c,,c,Struggle,c,,c,,c,,c,,c,,c,,c,
Butterfree,12,Bug,Flying,167,151,120,c,Confusion,l,Bug Bite,c,Struggle Bug,c,,c,,c,,c,,c,Psychic,c,Signal Beam,c,Bug Buzz,c,,c,,c,,c,,c,
Weedle,13,Bug,Poison,63,55,80,c,Bug Bite,c,Poison Sting,c,,c,,c,,c,,c,,c,Struggle,c,,c,,c,,c,,c,,c,,c,
Kakuna,14,Bug,Poison,46,86,90,c,Bug Bite,c,Poison Sting,c,,c,,c,,c,,c,,c,Struggle,c,,c,,c,,c,,c,,c,,c,
Beedrill,15,Bug,Poison,169,150,130,c,Poison Jab,l,Bug Bite,c,Infestation,c,,c,,c,,c,,c,Sludge Bomb,c,X-Scissor,c,Aerial Ace,c,,c,,c,,c,,c,
Pidgey,16,Normal,Flying,85,76,80,c,Quick Attack,c,Tackle,c,,c,,c,,c,,c,,c,Aerial Ace,c,Air Cutter,c,Twister,c,,c,,c,,c,,c,
Pidgeotto,17,Normal,Flying,117,108,126,c,Steel Wing,c,Wing Attack,c,,c,,c,,c,,c,,c,Aerial Ace,c,Air Cutter,c,Twister,c,,c,,c,,c,,c,
Pidgeot,18,Normal,Flying,166,157,166,c,Air Slash,c,Steel Wing,l,Wing Attack,c,,c,,c,,c,,c,Brave Bird,c,Hurricane,c,Aerial Ace,l,Air Cutter,c,,c,,c,,c,
Rattata,19,Normal,,103,70,60,c,Quick Attack,c,Tackle,c,,c,,c,,c,,c,,c,Hyper Fang,c,Body Slam,c,Dig,c,,c,,c,,c,,c,
Raticate,20,Normal,,161,144,110,c,Bite,c,Quick Attack,c,,c,,c,,c,,c,,c,Hyper Beam,c,Hyper Fang,c,Dig,c,,c,,c,,c,,c,
Spearow,21,Normal,Flying,112,61,80,c,Peck,c,Quick Attack,c,,c,,c,,c,,c,,c,Sky Attack,c,Drill Peck,c,Aerial Ace,l,Twister,c,,c,,c,,c,
Fearow,22,Normal,Flying,182,135,130,c,Steel Wing,c,Peck,c,,c,,c,,c,,c,,c,Sky Attack,c,Drill Run,c,Aerial Ace,l,Twister,c,,c,,c,,c,
Ekans,23,Poison,,110,102,70,c,Acid,c,Poison Sting,c,,c,,c,,c,,c,,l,Gunk Shot,c,Sludge Bomb,c,Poison Fang,c,Wrap,c,,c,,c,,c,
Arbok,24,Poison,,167,158,120,c,Acid,c,Bite,c,,c,,c,,c,,c,,c,Gunk Shot,c,Sludge Wave,c,Dark Pulse,c,,c,,c,,c,,c,
Pikachu,25,Electric,,112,101,70,c,Quick Attack,c,Thunder Shock,e,Present,c,,c,,c,,c,,l,Thunder,c,Wild Charge,c,Thunderbolt,c,Discharge,e,Surf,c,,c,,c,
Raichu,26,Electric,,193,165,120,c,Volt Switch,c,Spark,l,Thunder Shock,c,,c,,c,,c,,l,Thunder,c,Wild Charge,c,Thunder Punch,c,Brick Break,c,,c,,c,,c,
Sandshrew,27,Ground,,126,145,100,c,Scratch,c,Mud Shot,c,,c,,c,,c,,c,,c,Rock Slide,c,Dig,c,Sand Tomb,l,Rock Tomb,c,,c,,c,,c,
Sandslash,28,Ground,,182,202,150,c,Metal Claw,c,Mud Shot,c,,c,,c,,c,,c,,c,Earthquake,c,Bulldoze,c,Rock Tomb,c,,c,,c,,c,,c,
Nidoran F,29,Poison,,86,94,110,c,Bite,c,Poison Sting,c,,c,,c,,c,,c,,c,Sludge Bomb,c,Body Slam,c,Poison Fang,c,,c,,c,,c,,c,
Nidorina,30,Poison,,117,126,140,c,Bite,c,Poison Sting,c,,c,,c,,c,,c,,c,Sludge Bomb,c,Poison Fang,c,Dig,c,,c,,c,,c,,c,
Nidoqueen,31,Poison,Ground,180,174,180,c,Poison Jab,c,Bite,c,,c,,c,,c,,c,,c,Stone Edge,c,Sludge Wave,c,Earthquake,c,,c,,c,,c,,c,
Nidoran M,32,Poison,,105,76,92,c,Peck,c,Poison Sting,c,,c,,c,,c,,c,,c,Sludge Bomb,c,Body Slam,c,Horn Attack,c,,c,,c,,c,,c,
Nidorino,33,Poison,,137,112,122,c,Poison Jab,c,Poison Sting,c,,c,,c,,c,,c,,c,Sludge Bomb,c,Horn Attack,c,Dig,c,,c,,c,,c,,c,
Nidoking,34,Poison,Ground,204,157,162,c,Poison Jab,c,Iron Tail,l,Fury Cutter,c,,c,,c,,c,,c,Sludge Wave,c,Megahorn,c,Earthquake,c,,c,,c,,c,,c,
Clefairy,35,Normal,,107,116,140,c,Pound,c,Zen Headbutt,c,,c,,c,,c,,c,,c,Moonblast,c,Body Slam,c,Disarming Voice,c,,c,,c,,c,,c,
Clefable,36,Normal,,178,171,190,l,Pound,c,Zen Headbutt,c,Charge Beam,c,,c,,c,,c,,c,Moonblast,c,Psychic,c,Dazzling Gleam,c,,c,,c,,c,,c,
Vulpix,37,Fire,,96,122,76,c,Ember,c,Quick Attack,c,,c,,c,,c,,c,,c,Flamethrower,c,Body Slam,c,Flame Charge,c,,c,,c,,c,,c,
Ninetales,38,Fire,,169,204,146,c,Fire Spin,l,Ember,c,Feint Attack,c,,c,,c,,c,,c,Overheat,l,Fire Blast,l,Flamethrower,c,Heat Wave,c,Solar Beam,c,,c,,c,
Jigglypuff,39,Normal,,80,44,230,c,Pound,c,Feint Attack,c,,c,,c,,c,,c,,l,Play Rough,c,Dazzling Gleam,l,Body Slam,c,Gyro Ball,c,Disarming Voice,c,,c,,c,
Wigglytuff,40,Normal,,156,93,280,c,Pound,c,Feint Attack,c,,c,,c,,c,,c,,c,Hyper Beam,c,Play Rough,c,Dazzling Gleam,c,,c,,c,,c,,c,
Zubat,41,Poison,Flying,83,76,80,c,Bite,c,Quick Attack,c,,c,,c,,c,,c,,l,Sludge Bomb,c,Air Cutter,c,Poison Fang,c,Swift,c,,c,,c,,c,
Golbat,42,Poison,Flying,161,153,150,c,Bite,c,Wing Attack,c,,c,,c,,c,,c,,c,Shadow Ball,c,Air Cutter,c,Poison Fang,l,Ominous Wind,c,,c,,c,,c,
Oddish,43,Grass,Poison,131,116,90,c,Razor Leaf,c,Acid,c,,c,,c,,c,,c,,c,Sludge Bomb,c,Moonblast,c,Seed Bomb,c,,c,,c,,c,,c,
Gloom,44,Grass,Poison,153,139,120,c,Razor Leaf,c,Acid,c,,c,,c,,c,,c,,c,Petal Blizzard,c,Sludge Bomb,c,Moonblast,c,,c,,c,,c,,c,
Vileplume,45,Grass,Poison,202,170,150,c,Razor Leaf,c,Acid,c,,c,,c,,c,,c,,c,Petal Blizzard,c,Solar Beam,c,Moonblast,c,,c,,c,,c,,c,
Paras,46,Bug,Grass,121,99,70,c,Bug Bite,c,Scratch,c,,c,,c,,c,,c,,c,X-Scissor,c,Seed Bomb,c,Cross Poison,c,,c,,c,,c,,c,
Parasect,47,Bug,Grass,165,146,120,l,Bug Bite,c,Struggle Bug,c,Fury Cutter,c,,c,,c,,c,,c,Solar Beam,c,X-Scissor,c,Cross Poison,c,,c,,c,,c,,c,
Venonat,48,Bug,Poison,100,102,120,c,Confusion,c,Bug Bite,c,,c,,c,,c,,c,,c,Signal Beam,c,Poison Fang,c,Psybeam,c,,c,,c,,c,,c,
Venomoth,49,Bug,Poison,179,150,140,c,Confusion,l,Bug Bite,c,Infestation,c,,c,,c,,c,,c,Psychic,c,Bug Buzz,l,Poison Fang,c,Silver Wind,c,,c,,c,,c,
Diglett,50,Ground,,109,88,20,c,Mud-Slap,c,Scratch,l,Mud Shot,c,,c,,c,,c,,c,Mud Bomb,c,Dig,c,Rock Tomb,c,,c,,c,,c,,c,
Dugtrio,51,Ground,,167,147,70,c,Mud-Slap,c,Sucker Punch,l,Mud Shot,c,,c,,c,,c,,c,Stone Edge,c,Earthquake,c,Mud Bomb,c,,c,,c,,c,,c,
Meowth,52,Normal,,92,81,80,c,Scratch,c,Bite,c,,c,,c,,c,,c,,c,Foul Play,l,Body Slam,c,Dark Pulse,c,Night Slash,c,,c,,c,,c,
Persian,53,Normal,,150,139,130,c,Scratch,c,Feint Attack,c,,c,,c,,c,,c,,c,Foul Play,c,Play Rough,c,Power Gem,l,Night Slash,c,,c,,c,,c,
Psyduck,54,Water,,122,96,100,c,Water Gun,c,Zen Headbutt,c,,c,,c,,c,,c,,c,Cross Chop,c,Aqua Tail,c,Psybeam,c,,c,,c,,c,,c,
Golduck,55,Water,,191,163,160,c,Confusion,c,Water Gun,c,,c,,c,,c,,c,,c,Hydro Pump,c,Psychic,c,Ice Beam,c,,c,,c,,c,,c,
Mankey,56,Fighting,,148,87,80,c,Scratch,c,Karate Chop,c,,c,,c,,c,,c,,c,Cross Chop,c,Brick Break,c,Low Sweep,c,,c,,c,,c,,c,
Primeape,57,Fighting,,207,144,130,c,Counter,l,Karate Chop,c,Low Kick,c,,c,,c,,c,,c,Close Combat,l,Cross Chop,c,Low Sweep,c,Night Slash,c,,c,,c,,c,
Growlithe,58,Fire,,136,96,110,c,Ember,c,Bite,c,,c,,c,,c,,c,,c,Flamethrower,c,Flame Wheel,c,Body Slam,c,,c,,c,,c,,c,
Arcanine,59,Fire,,227,166,180,c,Fire Fang,l,Bite,c,Snarl,c,,c,,c,,c,,c,Fire Blast,l,Flamethrower,c,Wild Charge,l,Bulldoze,c,Crunch,c,,c,,c,
Poliwag,60,Water,,101,82,80,c,Bubble,c,Mud Shot,c,,c,,c,,c,,c,,c,Bubble Beam,c,Body Slam,c,Mud Bomb,c,,c,,c,,c,,c,
Poliwhirl,61,Water,,130,130,130,c,Bubble,c,Mud Shot,c,,c,,c,,c,,c,,c,Bubble Beam,c,Water Pulse,l,Scald,c,Mud Bomb,c,,c,,c,,c,
Poliwrath,62,Water,Fighting,182,187,180,c,Rock Smash,c,Bubble,l,Mud Shot,c,,c,,c,,c,,c,Hydro Pump,c,Dynamic Punch,l,Submission,c,Ice Punch,c,,c,,c,,c,
Abra,63,Psychic,,195,103,50,c,Zen Headbutt,c,Charge Beam,c,,c,,c,,c,,c,,c,Shadow Ball,c,Psyshock,c,Signal Beam,c,,c,,c,,c,,c,
Kadabra,64,Psychic,,232,138,80,c,Confusion,c,Psycho Cut,c,,c,,c,,c,,c,,c,Shadow Ball,c,Dazzling Gleam,c,Psybeam,c,,c,,c,,c,,c,
Alakazam,65,Psychic,,271,194,110,c,Confusion,c,Psycho Cut,c,,c,,c,,c,,c,,c,Futuresight,l,Psychic,c,Focus Blast,c,Shadow Ball,l,Dazzling Gleam,c,,c,,c,
Machop,66,Fighting,,137,88,140,c,Rock Smash,c,Karate Chop,l,Low Kick,c,,c,,c,,c,,c,Cross Chop,c,Brick Break,c,Low Sweep,c,,c,,c,,c,,c,
Machoke,67,Fighting,,177,130,160,c,Karate Chop,c,Low Kick,c,,c,,c,,c,,c,,l,Cross Chop,c,Dynamic Punch,c,Submission,c,Brick Break,c,,c,,c,,c,
Machamp,68,Fighting,,234,162,180,c,Counter,l,Karate Chop,c,Bullet Punch,c,,c,,c,,c,,c,Close Combat,l,Stone Edge,l,Cross Chop,c,Dynamic Punch,c,Heavy Slam,l,Submission,c,,c,
Bellsprout,69,Grass,Poison,139,64,100,c,Vine Whip,c,Acid,c,,c,,c,,c,,c,,c,Sludge Bomb,c,Power Whip,c,Wrap,c,,c,,c,,c,,c,
Weepinbell,70,Grass,Poison,172,95,130,l,Razor Leaf,c,Acid,c,Bullet Seed,c,,c,,c,,c,,c,Sludge Bomb,c,Power Whip,c,Seed Bomb,c,,c,,c,,c,,c,
Victreebel,71,Grass,Poison,207,138,160,c,Razor Leaf,c,Acid,c,,c,,c,,c,,c,,c,Solar Beam,c,Sludge Bomb,c,Leaf Blade,c,,c,,c,,c,,c,
Tentacool,72,Water,Poison,97,182,80,c,Bubble,c,Poison Sting,c,,c,,c,,c,,c,,c,Bubble Beam,c,Water Pulse,c,Wrap,c,,c,,c,,c,,c,
Tentacruel,73,Water,Poison,166,237,160,c,Poison Jab,c,Acid,c,,c,,c,,c,,c,,c,Hydro Pump,c,Blizzard,c,Sludge Wave,c,,c,,c,,c,,c,
Geodude,74,Rock,Ground,132,163,80,c,Rock Throw,c,Tackle,c,,c,,c,,c,,c,,c,Rock Slide,c,Rock Tomb,c,Dig,c,,c,,c,,c,,c,
Graveler,75,Rock,Ground,164,196,110,c,Rock Throw,c,Mud-Slap,l,Mud Shot,c,,c,,c,,c,,c,Stone Edge,l,Rock Slide,c,Rock Blast,c,Dig,c,,c,,c,,c,
Golem,76,Rock,Ground,211,229,160,c,Rock Throw,c,Mud-Slap,l,Mud Shot,c,,c,,c,,c,,c,Stone Edge,c,Earthquake,c,Rock Blast,l,Ancient Power,c,,c,,c,,c,
Ponyta,77,Fire,,170,132,100,c,Ember,c,Tackle,c,,c,,c,,c,,c,,l,Fire Blast,c,Stomp,c,Flame Wheel,c,Flame Charge,c,,c,,c,,c,
Rapidash,78,Fire,,207,167,130,c,Fire Spin,l,Ember,c,Low Kick,c,,c,,c,,c,,c,Fire Blast,c,Heat Wave,c,Drill Run,c,,c,,c,,c,,c,
Slowpoke,79,Water,Psychic,109,109,180,c,Confusion,c,Water Gun,c,,c,,c,,c,,c,,c,Psychic,c,Psyshock,c,Water Pulse,c,,c,,c,,c,,c,
Slowbro,80,Water,Psychic,177,194,190,c,Confusion,c,Water Gun,c,,c,,c,,c,,c,,c,Psychic,c,Ice Beam,c,Water Pulse,c,,c,,c,,c,,c,
Magnemite,81,Electic,Steel,165,128,50,c,Spark,c,Thunder Shock,c,,c,,c,,c,,c,,c,Thunderbolt,c,Discharge,c,Magnet Bomb,c,,c,,c,,c,,c,
Magneton,82,Electic,Steel,223,182,100,c,Spark,l,Thunder Shock,c,Charge Beam,c,,c,,c,,c,,c,Zap Cannon,c,Flash Cannon,l,Discharge,c,Magnet Bomb,c,,c,,c,,c,
Farfetch'd,83,Normal,Flying,124,118,104,c,Air Slash,l,Cut,c,Fury Cutter,c,,c,,c,,c,,c,Leaf Blade,c,Aerial Ace,c,Air Cutter,c,,c,,c,,c,,c,
Doduo,84,Normal,Flying,158,88,70,c,Peck,c,Quick Attack,c,,c,,c,,c,,c,,c,Brave Bird,c,Drill Peck,c,Aerial Ace,l,Swift,c,,c,,c,,c,
Dodrio,85,Normal,Flying,218,145,120,c,Steel Wing,c,Feint Attack,c,,c,,c,,c,,c,,c,Brave Bird,c,Drill Peck,c,Aerial Ace,l,Air Cutter,c,,c,,c,,c,
Seel,86,Water,,85,128,130,l,Water Gun,c,Lick,c,Ice Shard,c,,c,,c,,c,,c,Aqua Tail,c,Aurora Beam,l,Aqua Jet,c,Icy Wind,c,,c,,c,,c,
Dewgong,87,Water,Ice,139,184,180,c,Iron Tail,c,Frost Breath,l,Ice Shard,c,,c,,c,,c,,c,Blizzard,c,Aurora Beam,c,Water Pulse,l,Icy Wind,l,Aqua Jet,c,,c,,c,
Grimer,88,Poison,,135,90,160,c,Poison Jab,l,Acid,c,Mud-Slap,c,,c,,c,,c,,c,Sludge Bomb,c,Sludge,c,Mud Bomb,c,,c,,c,,c,,c,
Muk,89,Poison,,190,184,210,c,Poison Jab,l,Acid,l,Lick,c,Infestation,c,,c,,c,,c,Gunk Shot,c,Sludge Wave,c,Dark Pulse,c,,c,,c,,c,,c,
Shellder,90,Water,,116,168,60,c,Tackle,c,Ice Shard,c,,c,,c,,c,,c,,c,Bubble Beam,c,Water Pulse,c,Icy Wind,c,,c,,c,,c,,c,
Cloyster,91,Water,Ice,186,323,100,c,Frost Breath,c,Ice Shard,c,,c,,c,,c,,c,,l,Blizzard,c,Hydro Pump,c,Avalanche,c,Aurora Beam,l,Icy Wind,c,,c,,c,
Gastly,92,Ghost,Poison,186,70,60,c,Lick,l,Sucker Punch,c,Astonish,c,,c,,c,,c,,c,Sludge Bomb,c,Night Shade,c,Dark Pulse,l,Ominous Wind,c,,c,,c,,c,
Haunter,93,Ghost,Poison,223,112,90,c,Shadow Claw,l,Lick,c,Astonish,c,,c,,c,,c,,c,Sludge Bomb,l,Shadow Ball,c,Shadow Punch,c,Dark Pulse,c,,c,,c,,c,
Gengar,94,Ghost,Poison,261,156,120,l,Shadow Claw,c,Sucker Punch,c,Hex,c,,c,,c,,c,,c,Sludge Bomb,l,Sludge Wave,c,Focus Blast,c,Shadow Ball,l,Dark Pulse,c,,c,,c,
Onix,95,Rock,Ground,85,288,70,c,Rock Throw,c,Tackle,c,,c,,c,,c,,c,,c,Stone Edge,l,Rock Slide,c,Heavy Slam,l,Iron Head,c,Sand Tomb,c,,c,,c,
Drowzee,96,Psychic,,89,158,120,c,Confusion,c,Pound,c,,c,,c,,c,,c,,c,Psychic,c,Psyshock,c,Psybeam,c,,c,,c,,c,,c,
Hypno,97,Psychic,,144,215,170,c,Confusion,c,Zen Headbutt,c,,c,,c,,c,,c,,c,Futuresight,c,Psychic,c,Focus Blast,l,Shadow Ball,l,Psyshock,c,,c,,c,
Krabby,98,Water,,181,156,60,c,Bubble,c,Mud Shot,c,,c,,c,,c,,c,,c,Bubble Beam,c,Water Pulse,c,Vice Grip,c,,c,,c,,c,,c,
Kingler,99,Water,,240,214,110,c,Bubble,c,Metal Claw,l,Mud Shot,c,,c,,c,,c,,c,X-Scissor,c,Water Pulse,c,Vice Grip,c,,c,,c,,c,,c,
Voltorb,100,Electric,,109,114,80,c,Spark,c,Tackle,c,,c,,c,,c,,c,,c,Thunderbolt,c,Discharge,l,Signal Beam,c,Gyro Ball,c,,c,,c,,c,
Electrode,101,Electric,,173,179,120,c,Volt Switch,c,Spark,l,Tackle,c,,c,,c,,c,,c,Hyper Beam,c,Thunderbolt,c,Discharge,c,,c,,c,,c,,c,
Exeggcute,102,Grass,Psychic,107,140,120,c,Confusion,c,Bullet Seed,c,,c,,c,,c,,c,,c,Psychic,c,Seed Bomb,c,Ancient Power,c,,c,,c,,c,,c,
Exeggutor,103,Grass,Psychic,233,158,190,l,Confusion,l,Zen Headbutt,c,Extrasensory,c,Bullet Seed,c,,c,,c,,c,Solar Beam,c,Psychic,c,Seed Bomb,c,,c,,c,,c,,c,
Cubone,104,Ground,,90,165,100,c,Mud-Slap,c,Rock Smash,c,,c,,c,,c,,c,,c,Bone Club,c,Bulldoze,c,Dig,c,,c,,c,,c,,c,
Marowak,105,Ground,,144,200,120,c,Mud-Slap,c,Rock Smash,c,,c,,c,,c,,c,,c,Earthquake,c,Bone Club,c,Dig,c,,c,,c,,c,,c,
Hitmonlee,106,Fighting,,224,211,100,c,Rock Smash,c,Low Kick,c,,c,,c,,c,,c,,c,Close Combat,c,Stone Edge,l,Stomp,l,Brick Break,c,Low Sweep,c,,c,,c,
Hitmonchan,107,Fighting,,193,212,100,c,Counter,l,Rock Smash,c,Bullet Punch,c,,c,,c,,c,,c,Close Combat,l,Brick Break,c,Ice Punch,c,Thunder Punch,c,Fire Punch,c,,c,,c,
Lickitung,108,Normal,,108,137,180,c,Zen Headbutt,c,Lick,c,,c,,c,,c,,c,,c,Hyper Beam,c,Stomp,c,Power Whip,c,,c,,c,,c,,c,
Koffing,109,Poison,,119,164,80,l,Acid,c,Tackle,c,Infestation,c,,c,,c,,c,,c,Sludge Bomb,c,Sludge,c,Dark Pulse,c,,c,,c,,c,,c,
Weezing,110,Poison,,174,221,130,l,Acid,c,Tackle,c,Infestation,c,,c,,c,,c,,c,Sludge Bomb,c,Shadow Ball,c,Dark Pulse,c,,c,,c,,c,,c,
Rhyhorn,111,Ground,Rock,140,157,160,c,Mud-Slap,c,Rock Smash,c,,c,,c,,c,,c,,c,Stomp,c,Bulldoze,c,Horn Attack,c,,c,,c,,c,,c,
Rhydon,112,Ground,Rock,222,206,210,c,Mud-Slap,c,Rock Smash,c,,c,,c,,c,,c,,c,Stone Edge,l,Megahorn,c,Earthquake,c,Surf,c,,c,,c,,c,
Chansey,113,Normal,,60,176,500,c,Pound,c,Zen Headbutt,c,,c,,c,,c,,c,,c,Hyper Beam,c,Psychic,c,Dazzling Gleam,l,Psybeam,c,,c,,c,,c,
Tangela,114,Grass,,183,205,130,c,Vine Whip,c,Infestation,c,,c,,c,,c,,c,,c,Solar Beam,l,Power Whip,c,Grass Knot,c,Sludge Bomb,c,,c,,c,,c,
Kangaskhan,115,Normal,,181,165,210,c,Mud-Slap,c,Low Kick,c,,c,,c,,c,,c,,l,Stomp,c,Earthquake,c,Outrage,l,Brick Break,c,Crunch,c,,c,,c,
Horsea,116,Water,,129,125,60,c,Water Gun,c,Bubble,c,,c,,c,,c,,c,,c,Flash Cannon,c,Bubble Beam,c,Dragon Pulse,c,,c,,c,,c,,c,
Seadra,117,Water,,187,182,110,c,Dragon Breath,c,Water Gun,c,,c,,c,,c,,c,,c,Hydro Pump,l,Blizzard,c,Dragon Pulse,c,Aurora Beam,c,,c,,c,,c,
Goldeen,118,Water,,123,115,90,c,Peck,c,Mud Shot,c,,c,,c,,c,,c,,c,Aqua Tail,c,Water Pulse,c,Horn Attack,c,,c,,c,,c,,c,
Seaking,119,Water,,175,154,160,l,Poison Jab,c,Peck,c,Waterfall,c,,c,,c,,c,,c,Megahorn,l,Drill Run,c,Ice Beam,c,Water Pulse,l,Icy Wind,c,,c,,c,
Staryu,120,Water,,137,112,60,c,Water Gun,l,Quick Attack,c,Tackle,c,,c,,c,,c,,c,Bubble Beam,c,Power Gem,c,Swift,c,,c,,c,,c,,c,
Starmie,121,Water,Psychic,210,184,120,c,Water Gun,l,Quick Attack,l,Tackle,c,Hidden Power,c,,c,,c,,c,Hydro Pump,c,Psychic,c,Power Gem,l,Psybeam,c,,c,,c,,c,
Mr. Mime,122,Psychic,,192,233,80,c,Confusion,c,Zen Headbutt,c,,c,,c,,c,,c,,c,Psychic,c,Shadow Ball,c,Psybeam,c,,c,,c,,c,,c,
Scyther,123,Bug,Flying,218,170,140,c,Air Slash,l,Steel Wing,c,Fury Cutter,c,,c,,c,,c,,c,X-Scissor,l,Bug Buzz,c,Aerial Ace,c,Night Slash,c,,c,,c,,c,
Jynx,124,Ice,Psychic,223,182,130,c,Confusion,c,Frost Breath,l,Pound,c,,c,,c,,c,,c,Avalanche,l,Ice Punch,c,Psyshock,c,Draining Kiss,c,,c,,c,,c,
Electabuzz,125,Electric,,198,173,130,c,Low Kick,c,Thunder Shock,c,,c,,c,,c,,c,,c,Thunder,c,Thunderbolt,c,Thunder Punch,c,,c,,c,,c,,c,
Magmar,126,Fire,,206,169,130,c,Ember,c,Karate Chop,c,,c,,c,,c,,c,,c,Fire Blast,c,Flamethrower,c,Fire Punch,c,,c,,c,,c,,c,
Pinsir,127,Bug,,238,197,130,c,Bug Bite,c,Rock Smash,l,Fury Cutter,c,,c,,c,,c,,c,Close Combat,c,X-Scissor,l,Submission,c,Vice Grip,c,,c,,c,,c,
Tauros,128,Normal,,198,197,150,c,Tackle,c,Zen Headbutt,c,,c,,c,,c,,c,,c,Earthquake,c,Iron Head,c,Horn Attack,c,,c,,c,,c,,c,
Magikarp,129,Water,,29,102,40,c,Splash,c,,c,,c,,c,,c,,c,,c,Struggle,c,,c,,c,,c,,c,,c,,c,
Gyarados,130,Water,Flying,237,197,190,l,Dragon Tail,c,Bite,l,Dragon Breath,c,Waterfall,c,,c,,c,,c,Hydro Pump,c,Outrage,l,Dragon Pulse,c,Crunch,l,Twister,c,,c,,c,
Lapras,131,Water,Ice,165,180,260,c,Frost Breath,l,Ice Shard,c,Water Gun,c,,c,,c,,c,,c,Blizzard,c,Hydro Pump,l,Ice Beam,l,Dragon Pulse,c,Surf,c,,c,,c,
Ditto,132,Normal,,91,91,96,l,Pound,c,Transform,c,,c,,c,,c,,c,,c,Struggle,c,,c,,c,,c,,c,,c,,c,
Eevee,133,Normal,,104,121,110,c,Quick Attack,c,Tackle,c,,c,,c,,c,,c,,l,Body Slam,c,Swift,c,Dig,c,,c,,c,,c,,c,
Vaporeon,134,Water,,205,177,260,c,Water Gun,c,,c,,c,,c,,c,,c,,c,Hydro Pump,c,Aqua Tail,c,Water Pulse,c,,c,,c,,c,,c,
Jolteon,135,Electric,,232,201,130,c,Volt Switch,c,Thunder Shock,c,,c,,c,,c,,c,,c,Thunder,c,Thunderbolt,c,Discharge,c,,c,,c,,c,,c,
Flareon,136,Fire,,246,204,130,c,Fire Spin,c,Ember,c,,c,,c,,c,,c,,c,Overheat,c,Fire Blast,c,Flamethrower,l,Heat Wave,c,,c,,c,,c,
Porygon,137,Normal,,153,139,130,l,Tackle,l,Quick Attack,c,Hidden Power,l,Zen Headbutt,c,Charge Beam,c,,c,,c,Hyper Beam,c,Zap Cannon,c,Solar Beam,l,Discharge,l,Signal Beam,l,Psybeam,c,,c,
Omanyte,138,Rock,Water,155,174,70,c,Water Gun,c,Mud Shot,c,,c,,c,,c,,c,,l,Brine,c,Rock Blast,c,Bubble Beam,l,Rock Tomb,c,Ancient Power,c,,c,,c,
Omastar,139,Rock,Water,207,227,140,l,Rock Throw,c,Water Gun,c,Mud Shot,c,,c,,c,,c,,c,Hydro Pump,l,Rock Slide,c,Rock Blast,c,Ancient Power,c,,c,,c,,c,
Kabuto,140,Rock,Water,148,162,60,c,Scratch,c,Mud Shot,c,,c,,c,,c,,c,,c,Rock Tomb,c,Ancient Power,c,Aqua Jet,c,,c,,c,,c,,c,
Kabutops,141,Rock,Water,220,203,120,c,Rock Smash,c,Mud Shot,l,Fury Cutter,c,,c,,c,,c,,c,Stone Edge,c,Water Pulse,c,Ancient Power,c,,c,,c,,c,,c,
Aerodactyl,142,Rock,Flying,221,164,160,c,Steel Wing,c,Bite,c,,c,,c,,c,,c,,c,Hyper Beam,c,Iron Head,c,Ancient Power,c,,c,,c,,c,,c,
Snorlax,143,Normal,,190,190,320,c,Zen Headbutt,c,Lick,c,,c,,c,,c,,c,,c,Hyper Beam,c,Earthquake,c,Heavy Slam,l,Body Slam,c,,c,,c,,c,
Articuno,144,Ice,Flying,192,249,180,c,Frost Breath,c,,c,,c,,c,,c,,c,,c,Blizzard,c,Ice Beam,c,Icy Wind,c,,c,,c,,c,,c,
Zapdos,145,Electric,Flying,253,188,180,l,Thunder Shock,c,Charge Beam,c,,c,,c,,c,,c,,c,Thunder,c,Zap Cannon,c,Thunderbolt,l,Discharge,c,,c,,c,,c,
Moltres,146,Fire,Flying,251,184,180,c,Fire Spin,l,Ember,c,,c,,c,,c,,c,,c,Overheat,c,Fire Blast,l,Flamethrower,c,Heat Wave,c,,c,,c,,c,
Dratini,147,Dragon,,119,94,82,c,Dragon Breath,c,Iron Tail,c,,c,,c,,c,,c,,c,Aqua Tail,c,Wrap,c,Twister,c,,c,,c,,c,,c,
Dragonair,148,Dragon,,163,138,122,c,Dragon Breath,c,Iron Tail,c,,c,,c,,c,,c,,c,Dragon Pulse,c,Aqua Tail,c,Wrap,c,,c,,c,,c,,c,
Dragonite,149,Dragon,Flying,263,201,182,c,Dragon Tail,l,Dragon Breath,c,Steel Wing,c,,c,,c,,c,,c,Hurricane,c,Hyper Beam,l,Dragon Claw,c,Outrage,l,Dragon Pulse,e,Draco Meteor,c,,c,
Mewtwo,150,Psychic,,300,182,193,c,Confusion,c,Psycho Cut,c,,c,,c,,c,,c,,c,Psychic,c,Focus Blast,c,Hyper Beam,c,Shadow Ball,c,,c,,c,,c,
Mew,151,Psychic,,210,210,200,c,Pound,c,,c,,c,,c,,c,,c,,c,Psychic,c,Blizzard,c,Thunder,c,Focus Blast,c,Hyper Beam,c,Solar Beam,c,Earthquake,c,Fire Blast
Chikorita,152,Grass,,92,122,90,l,Razor Leaf,c,Vine Whip,c,Tackle,c,,c,,c,,c,,c,Grass Knot,c,Energy Ball,c,Body Slam,c,,c,,c,,c,,c,
Bayleef,153,Grass,,122,155,120,c,Razor Leaf,c,Tackle,c,,c,,c,,c,,c,,c,Grass Knot,c,Energy Ball,c,Ancient Power,c,,c,,c,,c,,c,
Meganium,154,Grass,,168,202,160,c,Razor Leaf,c,Vine Whip,c,,c,,c,,c,,c,,c,Solar Beam,c,Earthquake,c,Petal Blizzard,c,,c,,c,,c,,c,
Cyndaquil,155,Fire,,116,96,78,c,Ember,c,Tackle,c,,c,,c,,c,,c,,c,Flamethrower,c,Flame Charge,c,Swift,c,,c,,c,,c,,c,
Quilava,156,Fire,,158,129,116,c,Ember,c,Tackle,c,,c,,c,,c,,c,,c,Flamethrower,c,Flame Charge,c,Dig,c,,c,,c,,c,,c,
Typhlosion,157,Fire,,223,176,156,c,Shadow Claw,c,Ember,c,,c,,c,,c,,c,,c,Overheat,c,Fire Blast,c,Solar Beam,c,,c,,c,,c,,c,
Totodile,158,Water,,117,116,100,c,Scratch,c,Water Gun,c,,c,,c,,c,,c,,c,Water Pulse,c,Crunch,c,Aqua Jet,c,,c,,c,,c,,c,
Croconaw,159,Water,,150,151,130,c,Scratch,c,Water Gun,c,,c,,c,,c,,c,,c,Ice Punch,c,Water Pulse,c,Crunch,c,,c,,c,,c,,c,
Feraligatr,160,Water,,205,197,170,c,Bite,l,Water Gun,c,Waterfall,c,,c,,c,,c,,c,Hydro Pump,c,Ice Beam,c,Crunch,c,,c,,c,,c,,c,
Sentret,161,Normal,,79,77,70,c,Scratch,c,Quick Attack,c,,c,,c,,c,,c,,c,Grass Knot,c,Brick Break,c,Dig,c,,c,,c,,c,,c,
Furret,162,Normal,,148,130,170,c,Quick Attack,c,Sucker Punch,c,,c,,c,,c,,c,,c,Hyper Beam,c,Brick Break,c,Dig,c,,c,,c,,c,,c,
Hoothoot,163,Normal,Flying,67,101,120,c,Peck,c,Feint Attack,c,,c,,c,,c,,c,,c,Sky Attack,c,Aerial Ace,c,Night Shade,c,,c,,c,,c,,c,
Noctowl,164,Normal,Flying,145,179,200,l,Peck,c,Wing Attack,c,Extrasensory,c,,c,,c,,c,,c,Sky Attack,c,Psychic,c,Night Shade,c,,c,,c,,c,,c,
Ledyba,165,Bug,Flying,72,142,80,c,Bug Bite,c,Tackle,c,,c,,c,,c,,c,,c,Aerial Ace,c,Silver Wind,c,Swift,c,,c,,c,,c,,c,
Ledian,166,Bug,Flying,107,209,110,c,Bug Bite,c,Struggle Bug,c,,c,,c,,c,,c,,c,Bug Buzz,c,Aerial Ace,c,Silver Wind,c,,c,,c,,c,,c,
Spinarak,167,Bug,Poison,105,73,80,c,Bug Bite,c,Poison Sting,c,,c,,c,,c,,c,,c,Cross Poison,c,Signal Beam,c,Night Slash,c,,c,,c,,c,,c,
Ariados,168,Bug,Poison,161,128,140,l,Bug Bite,c,Infestation,c,Poison Sting,c,,c,,c,,c,,c,Megahorn,c,Cross Poison,c,Shadow Sneak,c,,c,,c,,c,,c,
Crobat,169,Poison,Flying,194,178,170,c,Air Slash,c,Bite,l,Wing Attack,c,,c,,c,,c,,c,Sludge Bomb,c,Shadow Ball,c,Air Cutter,c,,c,,c,,c,,c,
Chinchou,170,Water,Electric,106,106,150,c,Bubble,c,Spark,c,,c,,c,,c,,c,,c,Thunderbolt,c,Bubble Beam,c,Water Pulse,c,,c,,c,,c,,c,
Lanturn,171,Water,Electric,146,146,250,c,Water Gun,l,Spark,c,Charge Beam,c,,c,,c,,c,,c,Thunder,c,Hydro Pump,c,Thunderbolt,c,,c,,c,,c,,c,
Pichu,172,Electric,,77,63,40,l,Quick Attack,c,Thunder Shock,c,,c,,c,,c,,c,,c,Thunderbolt,c,Thunder Punch,c,Disarming Voice,c,,c,,c,,c,,c,
Cleffa,173,Fairy,,75,91,100,c,Pound,c,Zen Headbutt,c,,c,,c,,c,,c,,l,Psychic,c,Grass Knot,l,Body Slam,c,Signal Beam,c,Psyshock,c,,c,,c,
Igglybuff,174,Normal,Fairy,69,34,180,c,Pound,c,Feint Attack,c,,c,,c,,c,,c,,c,Psychic,c,Wild Charge,c,Shadow Ball,l,Body Slam,c,,c,,c,,c,
Togepi,175,Fairy,,67,116,70,l,Zen Headbutt,c,Peck,c,Hidden Power,c,,c,,c,,c,,c,Dazzling Gleam,c,Psyshock,c,Ancient Power,c,,c,,c,,c,,c,
Togetic,176,Fairy,Flying,139,191,110,l,Steel Wing,l,Zen Headbutt,c,Extrasensory,c,Hidden Power,c,,c,,c,,c,Dazzling Gleam,c,Aerial Ace,c,Ancient Power,c,,c,,c,,c,,c,
Natu,177,Psychic,Flying,134,89,80,c,Peck,c,Quick Attack,c,,c,,c,,c,,c,,c,Drill Peck,c,Psyshock,c,Night Shade,c,,c,,c,,c,,c,
Xatu,178,Psychic,Flying,192,146,130,c,Air Slash,c,Feint Attack,c,,c,,c,,c,,c,,c,Futuresight,c,Aerial Ace,c,Ominous Wind,c,,c,,c,,c,,c,
Mareep,179,Electric,,114,82,110,c,Tackle,c,Thunder Shock,c,,c,,c,,c,,c,,c,Thunderbolt,c,Discharge,c,Body Slam,c,,c,,c,,c,,c,
Flaaffy,180,Electric,,145,112,140,c,Tackle,c,Charge Beam,c,,c,,c,,c,,c,,c,Thunderbolt,c,Discharge,c,Power Gem,c,,c,,c,,c,,c,
Ampharos,181,Electric,,211,172,180,c,Volt Switch,c,Charge Beam,c,,c,,c,,c,,c,,c,Thunder,c,Zap Cannon,c,Focus Blast,c,,c,,c,,c,,c,
Bellossom,182,Grass,,169,189,150,c,Razor Leaf,c,Acid,c,,c,,c,,c,,c,,c,Petal Blizzard,c,Leaf Blade,c,Dazzling Gleam,c,,c,,c,,c,,c,
Marill,183,Water,Fairy,37,93,140,c,Bubble,c,Tackle,c,,c,,c,,c,,c,,c,Aqua Tail,c,Bubble Beam,c,,c,,c,,c,,c,,c,
Azumarill,184,Water,Fairy,112,152,200,c,Bubble,c,Rock Smash,c,,c,,c,,c,,c,,c,Hydro Pump,c,Play Rough,c,Ice Beam,c,,c,,c,,c,,c,
Sudowoodo,185,Rock,,167,198,140,c,Rock Throw,c,Counter,c,,c,,c,,c,,c,,c,Stone Edge,c,Rock Slide,c,Earthquake,c,,c,,c,,c,,c,
Politoed,186,Water,,174,192,180,c,Bubble,c,Mud Shot,c,,c,,c,,c,,c,,c,Hydro Pump,c,Blizzard,l,Earthquake,c,Surf,c,,c,,c,,c,
Hoppip,187,Grass,Flying,67,101,70,c,Tackle,c,Bullet Seed,c,,c,,c,,c,,c,,c,Grass Knot,c,Seed Bomb,c,Dazzling Gleam,c,,c,,c,,c,,c,
Skiploom,188,Grass,Flying,91,127,110,c,Tackle,c,Bullet Seed,c,,c,,c,,c,,c,,c,Grass Knot,c,Dazzling Gleam,c,Energy Ball,c,,c,,c,,c,,c,
Jumpluff,189,Grass,Flying,118,197,150,c,Infestation,c,Bullet Seed,c,,c,,c,,c,,c,,c,Solar Beam,c,Dazzling Gleam,c,Energy Ball,c,,c,,c,,c,,c,
Aipom,190,Normal,,136,112,110,c,Scratch,c,Astonish,c,,c,,c,,c,,c,,c,Swift,c,Aerial Ace,c,Low Sweep,c,,c,,c,,c,,c,
Sunkern,191,Grass,,55,55,60,c,Razor Leaf,c,Cut,c,,c,,c,,c,,c,,c,Grass Knot,c,Seed Bomb,c,Energy Ball,c,,c,,c,,c,,c,
Sunflora,192,Grass,,185,148,150,c,Razor Leaf,c,Bullet Seed,c,,c,,c,,c,,c,,c,Petal Blizzard,c,Solar Beam,c,Sludge Bomb,c,,c,,c,,c,,c,
Yanma,193,Bug,Flying,154,94,130,c,Wing Attack,c,Quick Attack,c,,c,,c,,c,,c,,c,Aerial Ace,c,Silver Wind,c,Ancient Power,c,,c,,c,,c,,c,
Wooper,194,Water,Ground,75,75,110,c,Water Gun,c,Mud Shot,c,,c,,c,,c,,c,,c,Mud Bomb,c,Body Slam,c,Dig,c,,c,,c,,c,,c,
Quagsire,195,Water,Ground,152,152,190,c,Water Gun,c,Mud Shot,c,,c,,c,,c,,c,,c,Stone Edge,c,Earthquake,c,Sludge Bomb,c,,c,,c,,c,,c,
Espeon,196,Psychic,,261,194,130,c,Confusion,c,Zen Headbutt,c,,c,,c,,c,,c,,c,Futuresight,c,Psychic,c,Psybeam,c,,c,,c,,c,,c,
Umbreon,197,Dark,,126,250,190,l,Bite,c,Feint Attack,c,Snarl,c,,c,,c,,c,,c,Foul Play,c,Dark Pulse,c,,c,,c,,c,,c,,c,
Murkrow,198,Dark,Flying,175,87,120,c,Feint Attack,c,Peck,c,,c,,c,,c,,c,,c,Foul Play,c,Dark Pulse,c,Drill Peck,c,,c,,c,,c,,c,
Slowking,199,Water,Psychic,177,194,190,c,Confusion,c,Water Gun,c,,c,,c,,c,,c,,c,Psychic,c,Blizzard,c,Fire Blast,c,,c,,c,,c,,c,
Misdreavus,200,Ghost,,167,167,120,c,Hex,c,Astonish,c,,c,,c,,c,,c,,c,Dark Pulse,c,Ominous Wind,c,Shadow Sneak,c,,c,,c,,c,,c,
Unown,201,Psychic,,136,91,96,c,Hidden Power,c,,c,,c,,c,,c,,c,,c,Struggle,c,,c,,c,,c,,c,,c,,c,
Wobbuffet,202,Psychic,,60,106,380,c,Counter,c,Splash,c,,c,,c,,c,,c,,c,Mirror Coat,c,,c,,c,,c,,c,,c,,c,
Girafarig,203,Normal,Psychic,182,133,140,c,Confusion,c,Tackle,c,,c,,c,,c,,c,,c,Psychic,c,Thunderbolt,c,Mirror Coat,c,,c,,c,,c,,c,
Pineco,204,Bug,,108,146,100,c,Bug Bite,c,Tackle,c,,c,,c,,c,,c,,c,Gyro Ball,c,Rock Tomb,c,Sand Tomb,c,,c,,c,,c,,c,
Forretress,205,Bug,Steel,161,242,150,c,Bug Bite,c,Struggle Bug,c,,c,,c,,c,,c,,c,Heavy Slam,c,Earthquake,c,Rock Tomb,c,,c,,c,,c,,c,
Dunsparce,206,Normal,,131,131,200,c,Bite,c,Astonish,c,,c,,c,,c,,c,,c,Rock Slide,c,Drill Run,c,Dig,c,,c,,c,,c,,c,
Gligar,207,Ground,Flying,143,204,130,c,Wing Attack,c,Fury Cutter,c,,c,,c,,c,,c,,c,Aerial Ace,c,Dig,c,Night Slash,c,,c,,c,,c,,c,
Steelix,208,Steel,Ground,148,333,150,c,Iron Tail,c,Dragon Tail,c,,c,,c,,c,,c,,c,Earthquake,c,Heavy Slam,c,Crunch,c,,c,,c,,c,,c,
Snubbull,209,Fairy,,137,89,120,c,Bite,c,Tackle,c,,c,,c,,c,,c,,c,Dazzling Gleam,c,Brick Break,c,Crunch,c,,c,,c,,c,,c,
Granbull,210,Fairy,,212,137,180,c,Bite,c,Snarl,c,,c,,c,,c,,c,,c,Close Combat,c,Play Rough,c,Crunch,c,,c,,c,,c,,c,
Qwilfish,211,Water,Poison,184,148,130,c,Water Gun,c,Poison Sting,c,,c,,c,,c,,c,,c,Sludge Wave,c,Aqua Tail,c,Ice Beam,c,,c,,c,,c,,c,
Scizor,212,Bug,Steel,236,191,140,c,Bullet Punch,c,Fury Cutter,c,,c,,c,,c,,c,,c,Iron Head,c,X-Scissor,c,Night Slash,c,,c,,c,,c,,c,
Shuckle,213,Bug,Rock,17,396,40,c,Rock Throw,c,Struggle Bug,c,,c,,c,,c,,c,,c,Stone Edge,c,Rock Blast,c,Gyro Ball,c,,c,,c,,c,,c,
Heracross,214,Bug,Fighting,234,189,160,c,Counter,c,Struggle Bug,c,,c,,c,,c,,c,,c,Close Combat,c,Megahorn,c,Earthquake,c,,c,,c,,c,,c,
Sneasel,215,Dark,Ice,189,157,110,c,Feint Attack,c,Ice Shard,c,,c,,c,,c,,c,,c,Foul Play,c,Avalanche,c,Ice Punch,c,,c,,c,,c,,c,
Teddiursa,216,Normal,,142,93,120,c,Scratch,c,Lick,c,,c,,c,,c,,c,,c,Cross Chop,c,Play Rough,c,Crunch,c,,c,,c,,c,,c,
Ursaring,217,Normal,,236,144,180,c,Counter,c,Metal Claw,c,,c,,c,,c,,c,,c,Hyper Beam,c,Close Combat,c,Play Rough,c,,c,,c,,c,,c,
Slugma,218,Fire,,118,71,80,c,Rock Throw,c,Ember,c,,c,,c,,c,,c,,c,Flame Burst,c,Rock Slide,c,Flame Charge,c,,c,,c,,c,,c,
Magcargo,219,Fire,Rock,139,209,100,c,Rock Throw,c,Ember,c,,c,,c,,c,,c,,c,Stone Edge,c,Overheat,c,Heat Wave,c,,c,,c,,c,,c,
Swinub,220,Ice,Ground,90,74,100,c,Tackle,c,Powder Snow,c,,c,,c,,c,,c,,c,Rock Slide,c,Body Slam,c,Icy Wind,c,,c,,c,,c,,c,
Piloswine,221,Ice,Ground,181,147,200,c,Ice Shard,c,Powder Snow,c,,c,,c,,c,,c,,c,Stone Edge,c,Avalanche,c,Bulldoze,c,,c,,c,,c,,c,
Corsola,222,Water,Rock,118,156,110,c,Bubble,c,Tackle,c,,c,,c,,c,,c,,c,Power Gem,c,Rock Blast,c,Bubble Beam,c,,c,,c,,c,,c,
Remoraid,223,Water,,127,69,70,c,Water Gun,c,Mud Shot,c,,c,,c,,c,,c,,c,Water Pulse,c,Rock Blast,c,Aurora Beam,c,,c,,c,,c,,c,
Octillery,224,Water,,197,141,150,c,Water Gun,c,Mud Shot,c,,c,,c,,c,,c,,c,Gunk Shot,c,Water Pulse,c,Aurora Beam,c,,c,,c,,c,,c,
Delibird,225,Ice,Flying,128,90,90,c,Ice Shard,c,Quick Attack,c,,c,,c,,c,,c,,c,Ice Punch,c,Aerial Ace,c,Icy Wind,c,,c,,c,,c,,c,
Mantine,226,Water,Flying,148,260,130,c,Bubble,c,Wing Attack,c,,c,,c,,c,,c,,c,Aerial Ace,c,Ice Beam,c,Water Pulse,c,,c,,c,,c,,c,
Skarmory,227,Steel,Flying,148,260,130,c,Steel Wing,c,Air Slash,c,,c,,c,,c,,c,,c,Brave Bird,c,Flash Cannon,c,Sky Attack,c,,c,,c,,c,,c,
Houndour,228,Dark,Fire,152,93,90,c,Feint Attack,c,Ember,c,,c,,c,,c,,c,,c,Flamethrower,c,Dark Pulse,c,Crunch,c,,c,,c,,c,,c,
Houndoom,229,Dark,Fire,224,159,150,c,Fire Fang,c,Snarl,c,,c,,c,,c,,c,,c,Foul Play,c,Fire Blast,c,Crunch,c,,c,,c,,c,,c,
Kingdra,230,Water,Dragon,194,194,150,c,Dragon Breath,l,Water Gun,c,Waterfall,c,,c,,c,,c,,c,Hydro Pump,c,Blizzard,c,Outrage,c,,c,,c,,c,,c,
Phanpy,231,Ground,,107,107,180,c,Rock Smash,c,Tackle,c,,c,,c,,c,,c,,c,Rock Slide,c,Bulldoze,c,Body Slam,c,,c,,c,,c,,c,
Donphan,232,Ground,,214,214,180,c,Counter,c,Tackle,c,,c,,c,,c,,c,,c,Earthquake,c,Heavy Slam,c,Play Rough,c,,c,,c,,c,,c,
Porygon2,233,Normal,,198,183,170,c,Hidden Power,c,Charge Beam,c,,c,,c,,c,,c,,c,Hyper Beam,c,Zap Cannon,c,Solar Beam,c,,c,,c,,c,,c,
Stanler,234,Normal,,192,132,146,c,Tackle,c,Zen Headbutt,c,,c,,c,,c,,c,,c,Megahorn,c,Stomp,c,Wild Charge,c,,c,,c,,c,,c,
Smeargle,235,Normal,,40,88,110,c,Tackle,c,,c,,c,,c,,c,,c,,c,Struggle,c,,c,,c,,c,,c,,c,,c,
Tyrogue,236,Fighting,,64,64,70,c,Rock Smash,l,Low Kick,c,Tackle,c,,c,,c,,c,,c,Brick Break,c,Rock Slide,l,Body Slam,c,Low Sweep,c,,c,,c,,c,
Hitmontop,237,Fighting,,173,214,100,c,Counter,c,Rock Smash,c,,c,,c,,c,,c,,c,Close Combat,c,Stone Edge,c,Gyro Ball,c,,c,,c,,c,,c,
Smoochum,238,Ice,Psychic,153,116,90,l,Frost Breath,c,Pound,c,Powder Snow,c,,c,,c,,c,,c,Ice Beam,c,Ice Punch,c,Psyshock,c,,c,,c,,c,,c,
Elekid,239,Electric,,135,110,90,c,Low Kick,c,Thunder Shock,c,,c,,c,,c,,c,,l,Thunderbolt,c,Discharge,c,Thunder Punch,c,Brick Break,c,,c,,c,,c,
Magby,240,Fire,,151,108,90,c,Ember,c,Karate Chop,c,,c,,c,,c,,c,,l,Flamethrower,c,Flame Burst,c,Fire Punch,c,Brick Break,c,,c,,c,,c,
Miltank,241,Normal,,157,211,190,c,Tackle,c,Zen Headbutt,c,,c,,c,,c,,c,,c,Stomp,c,Body Slam,c,Gyro Ball,c,,c,,c,,c,,c,
Blissey,242,Normal,,129,229,510,c,Pound,c,Zen Headbutt,c,,c,,c,,c,,c,,c,Hyper Beam,c,Psychic,c,Dazzling Gleam,c,,c,,c,,c,,c,
Raikou,243,Electric,,241,210,180,c,Volt Switch,c,Thunder Shock,c,,c,,c,,c,,c,,c,Thunder,c,Wild Charge,c,Thunderbolt,c,,c,,c,,c,,c,
Entei,244,Fire,,235,176,230,c,Fire Spin,c,Fire Fang,c,,c,,c,,c,,c,,c,Overheat,c,Fire Blast,c,Flamethrower,c,,c,,c,,c,,c,
Suicune,245,Water,,180,235,200,c,Extrasensory,l,Hidden Power,c,Snarl,c,,c,,c,,c,,c,Hydro Pump,c,Bubble Beam,c,Water Pulse,c,,c,,c,,c,,c,
Larvitar,246,Rock,Ground,115,93,100,c,Bite,c,Rock Smash,c,,c,,c,,c,,c,,c,Stomp,c,Ancient Power,c,Crunch,c,,c,,c,,c,,c,
Pupitar,247,Rock,Ground,155,133,140,c,Bite,c,Rock Smash,c,,c,,c,,c,,c,,c,Dig,c,Ancient Power,c,Crunch,c,,c,,c,,c,,c,
Tyranitar,248,Rock,Dark,251,212,200,c,Bite,c,Iron Tail,c,,c,,c,,c,,c,,c,Stone Edge,c,Fire Blast,c,Crunch,c,,c,,c,,c,,c,
Lugia,249,Psychic,Flying,193,323,212,c,Dragon Tail,c,Extrasensory,c,,c,,c,,c,,c,,c,Futuresight,c,Sky Attack,c,Hydro Pump,c,,c,,c,,c,,c,
Ho-Oh,250,Fire,Flying,239,274,193,c,Steel Wing,c,Extrasensory,c,,c,,c,,c,,c,,c,Brave Bird,c,Fire Blast,c,Solar Beam,c,,c,,c,,c,,c,
Celebi,251,Psychic,Grass,210,210,300,c,Confusion,c,Charge Beam,c,,c,,c,,c,,c,,c,Psychic,c,Hyper Beam,c,Dazzling Gleam,c,,c,,c,,c,,c,
Treecko,252,Grass,,124,104,80,c,Pound,c,Bullet Seed,c,,c,,c,,c,,c,,c,Grass Knot,c,Energy Ball,c,Aerial Ace,c,,c,,c,,c,,c,
Grovyle,253,Grass,,172,130,100,c,Quick Attack,c,Bullet Seed,c,,c,,c,,c,,c,,c,Grass Knot,c,Leaf Blade,c,Aerial Ace,c,,c,,c,,c,,c,
Sceptile,254,Grass,,223,180,140,c,Bullet Seed,c,Fury Cutter,c,,c,,c,,c,,c,,c,Leaf Blade,c,Earthquake,c,Aerial Ace,c,,c,,c,,c,,c,
Torchic,255,Fire,,130,92,90,c,Scratch,c,Ember,c,,c,,c,,c,,c,,c,Flamethrower,c,Flame Charge,c,Rock Tomb,c,,c,,c,,c,,c,
Combusken,256,Fire,Fighting,163,115,120,c,Ember,c,Peck,c,,c,,c,,c,,c,,c,Flamethrower,c,Rock Slide,c,Flame Charge,c,,c,,c,,c,,c,
Blaziken,257,Fire,Fighting,240,141,160,c,Counter,c,Fire Spin,c,,c,,c,,c,,c,,c,Overheat,c,Brave Bird,l,Stone Edge,c,Focus Blast,c,,c,,c,,c,
Mudkip,258,Water,,126,93,100,c,Water Gun,c,Tackle,c,,c,,c,,c,,c,,c,Stomp,c,Sludge,c,Dig,c,,c,,c,,c,,c,
Marshtomp,259,Water,Ground,156,133,140,c,Water Gun,c,Mud Shot,c,,c,,c,,c,,c,,c,Surf,c,Mud Bomb,c,Sludge,c,,c,,c,,c,,c,
Swampert,260,Water,Ground,208,175,200,c,Water Gun,c,Mud Shot,c,,c,,c,,c,,c,,c,Surf,c,Earthquake,c,Sludge Wave,c,,c,,c,,c,,c,
Poochyena,261,Dark,,96,63,70,c,Snarl,c,Tackle,c,,c,,c,,c,,c,,c,Crunch,c,Dig,c,Poison Fang,c,,c,,c,,c,,c,
Mightyena,262,Dark,,171,137,140,c,Bite,c,Fire Fang,c,,c,,c,,c,,c,,c,Play Rough,c,Crunch,c,Poison Fang,c,,c,,c,,c,,c,
Zigzagoon,263,Normal,,58,80,76,c,Tackle,c,Rock Smash,c,,c,,c,,c,,c,,c,Grass Knot,c,Thunderbolt,c,Dig,c,,c,,c,,c,,c,
Linoone,264,Normal,,142,128,156,c,Shadow Claw,c,Tackle,c,,c,,c,,c,,c,,c,Thunder,c,Grass Knot,c,Dig,c,,c,,c,,c,,c,
Wurmple,265,Bug,,75,61,90,c,Bug Bite,c,Tackle,c,,c,,c,,c,,c,,c,Struggle,c,,c,,c,,c,,c,,c,,c,
Silcoon,266,Bug,,60,91,100,c,Bug Bite,c,Poison Sting,c,,c,,c,,c,,c,,c,Struggle,c,,c,,c,,c,,c,,c,,c,
Beautifly,267,Bug,Flying,189,98,120,c,Struggle Bug,c,Infestation,c,,c,,c,,c,,c,,c,Bug Buzz,c,Air Cutter,c,Silver Wind,c,,c,,c,,c,,c,
Cascoon,268,Bug,,60,91,100,c,Bug Bite,c,Poison Sting,c,,c,,c,,c,,c,,c,Struggle,c,,c,,c,,c,,c,,c,,c,
Dustox,269,Bug,Poison,98,172,120,c,Confusion,c,Struggle Bug,c,,c,,c,,c,,c,,c,Sludge Bomb,c,Bug Buzz,c,Silver Wind,c,,c,,c,,c,,c,
Lotad,270,Water,Grass,71,86,80,c,Razor Leaf,c,Water Gun,c,,c,,c,,c,,c,,c,Bubble Beam,c,Energy Ball,c,,c,,c,,c,,c,,c,
Lombre,271,Water,Grass,112,128,120,c,Razor Leaf,c,Bubble,c,,c,,c,,c,,c,,c,Grass Knot,c,Bubble Beam,c,Ice Beam,c,,c,,c,,c,,c,
Ludicolo,272,Water,Grass,173,191,160,c,Razor Leaf,c,Bubble,c,,c,,c,,c,,c,,c,Hydro Pump,c,Solar Beam,c,Blizzard,c,,c,,c,,c,,c,
Seedot,273,Grass,,71,86,80,c,Quick Attack,c,Bullet Seed,c,,c,,c,,c,,c,,c,Grass Knot,c,Foul Play,c,Energy Ball,c,,c,,c,,c,,c,
Nuzleaf,274,Grass,Dark,134,78,140,c,Razor Leaf,c,Feint Attack,c,,c,,c,,c,,c,,c,Foul Play,c,Grass Knot,c,Leaf Blade,c,,c,,c,,c,,c,
Shiftry,275,Grass,Dark,200,121,180,c,Razor Leaf,c,Feint Attack,c,,c,,c,,c,,c,,c,Foul Play,c,Hurricane,c,Leaf Blade,c,,c,,c,,c,,c,
Taillow,276,Normal,Flying,106,61,80,c,Peck,c,Quick Attack,c,,c,,c,,c,,c,,c,Aerial Ace,c,,c,,c,,c,,c,,c,,c,
Swellow,277,Normal,Flying,185,130,120,c,Steel Wing,c,Wing Attack,c,,c,,c,,c,,c,,c,Brave Bird,c,Sky Attack,c,Aerial Ace,c,,c,,c,,c,,c,
Wingull,278,Water,Flying,106,61,80,c,Water Gun,c,Quick Attack,c,,c,,c,,c,,c,,c,Ice Beam,c,Air Cutter,c,Water Pulse,c,,c,,c,,c,,c,
Pelipper,279,Water,Flying,175,189,120,c,Water Gun,c,Wing Attack,c,,c,,c,,c,,c,,c,Hurricane,c,Hydro Pump,c,Blizzard,c,,c,,c,,c,,c,
Ralts,280,Psychic,Fairy,79,63,56,c,Confusion,c,Charge Beam,c,,c,,c,,c,,c,,c,Psyshock,c,Disarming Voice,c,Shadow Sneak,c,,c,,c,,c,,c,
Kirlia,281,Psychic,Fairy,117,100,76,c,Confusion,c,Charge Beam,c,,c,,c,,c,,c,,c,Psychic,c,Disarming Voice,c,Shadow Sneak,c,,c,,c,,c,,c,
Gardevoir,282,Psychic,Fairy,237,220,136,c,Confusion,c,Charge Beam,c,,c,,c,,c,,c,,c,Psychic,c,Dazzling Gleam,c,Shadow Ball,c,,c,,c,,c,,c,
Surskit,283,Bug,Water,93,97,80,c,Bubble,c,Bug Bite,c,,c,,c,,c,,c,,c,Signal Beam,c,Bubble Beam,c,Aqua Jet,c,,c,,c,,c,,c,
Masquerain,284,Bug,Flying,192,161,140,c,Air Slash,c,Infestation,c,,c,,c,,c,,c,,c,Air Cutter,c,Silver Wind,c,Ominous Wind,c,,c,,c,,c,,c,
Shroomish,285,Grass,,74,110,120,c,Tackle,c,Bullet Seed,c,,c,,c,,c,,c,,c,Grass Knot,c,Seed Bomb,c,Energy Ball,c,,c,,c,,c,,c,
Breloom,286,Grass,Fighting,241,153,120,c,Counter,c,Bullet Seed,c,,c,,c,,c,,c,,c,Dynamic Punch,c,Sludge Bomb,c,Seed Bomb,c,,c,,c,,c,,c,
Slakoth,287,Normal,,104,104,120,c,Yawn,c,,c,,c,,c,,c,,c,,c,Body Slam,c,Brick Break,c,Night Slash,c,,c,,c,,c,,c,
Vigoroth,288,Normal,,159,159,160,c,Scratch,c,Counter,c,,c,,c,,c,,c,,c,Body Slam,c,Brick Break,c,Bulldoze,c,,c,,c,,c,,c,
Slaking,289,Normal,,290,183,273,c,Yawn,c,,c,,c,,c,,c,,c,,c,Hyper Beam,c,Earthquake,c,Play Rough,c,,c,,c,,c,,c,
Nincada,290,Bug,Ground,80,153,62,c,Scratch,c,Bug Bite,c,,c,,c,,c,,c,,c,Bug Buzz,c,Aerial Ace,c,Night Slash,c,,c,,c,,c,,c,
Ninjask,291,Bug,Flying,196,114,122,c,Metal Claw,c,Fury Cutter,c,,c,,c,,c,,c,,c,Shadow Ball,c,Bug Buzz,c,Aerial Ace,c,,c,,c,,c,,c,
Shedinja,292,Bug,Ghost,153,80,2,c,Bite,c,Struggle Bug,c,,c,,c,,c,,c,,c,Aerial Ace,c,Dig,c,Shadow Sneak,c,,c,,c,,c,,c,
Whismur,293,Normal,,92,42,128,c,Pound,c,Astonish,c,,c,,c,,c,,c,,c,Stomp,c,Flamethrower,c,Disarming Voice,c,,c,,c,,c,,c,
Loudred,294,Normal,,134,81,168,c,Bite,c,Rock Smash,c,,c,,c,,c,,c,,c,Flamethrower,c,Crunch,c,Disarming Voice,c,,c,,c,,c,,c,
Exploud,295,Normal,,179,142,208,c,Bite,c,Astonish,c,,c,,c,,c,,c,,c,Fire Blast,c,Crunch,c,Disarming Voice,c,,c,,c,,c,,c,
Makuhita,296,Fighting,,99,54,144,c,Rock Smash,c,Tackle,c,,c,,c,,c,,c,,c,Cross Chop,c,Heavy Slam,c,Low Sweep,c,,c,,c,,c,,c,
Hariyama,297,Fighting,,209,114,288,c,Counter,c,Bullet Punch,c,,c,,c,,c,,c,,c,Close Combat,c,Dynamic Punch,c,Heavy Slam,c,,c,,c,,c,,c,
Azurill,298,Normal,Fairy,36,71,100,c,Bubble,c,Splash,c,,c,,c,,c,,c,,c,Body Slam,c,Ice Beam,c,Bubble Beam,c,,c,,c,,c,,c,
Nosepass,299,Rock,,82,236,60,c,Rock Throw,c,Spark,c,,c,,c,,c,,c,,c,Rock Slide,c,Thunderbolt,c,Rock Blast,c,,c,,c,,c,,c,
Skitty,300,Normal,,84,84,100,c,Tackle,c,Feint Attack,c,,c,,c,,c,,c,,c,Wild Charge,c,Dig,c,Disarming Voice,c,,c,,c,,c,,c,
Delcatty,301,Normal,,132,132,140,c,Feint Attack,c,Zen Headbutt,c,,c,,c,,c,,c,,c,Wild Charge,c,Play Rough,c,Disarming Voice,c,,c,,c,,c,,c,
Sableye,302,Dark,Ghost,141,141,100,c,Shadow Claw,c,Feint Attack,c,,c,,c,,c,,c,,c,Foul Play,c,Power Gem,c,Shadow Sneak,c,,c,,c,,c,,c,
Mawile,303,Steel,Fairy,155,155,100,c,Bite,c,Astonish,c,,c,,c,,c,,c,,c,Iron Head,c,Play Rough,c,Vice Grip,c,,c,,c,,c,,c,
Aron,304,Steel,Rock,121,168,100,c,Metal Claw,c,Tackle,c,,c,,c,,c,,c,,c,Iron Head,c,Body Slam,c,Rock Tomb,c,,c,,c,,c,,c,
Lairon,305,Steel,Rock,158,240,120,c,Iron Tail,c,Metal Claw,c,,c,,c,,c,,c,,c,Heavy Slam,c,Rock Slide,c,Body Slam,c,,c,,c,,c,,c,
Aggron,306,Steel,Rock,198,314,140,c,Iron Tail,c,Dragon Tail,c,,c,,c,,c,,c,,c,Stone Edge,c,Thunder,c,Heavy Slam,c,,c,,c,,c,,c,
Meditite,307,Fighting,Psychic,78,107,60,c,Confusion,c,Rock Smash,c,,c,,c,,c,,c,,c,Psyshock,c,Ice Punch,c,Low Sweep,c,,c,,c,,c,,c,
Medicham,308,Fighting,Psychic,121,152,120,c,Counter,c,Psycho Cut,c,,c,,c,,c,,c,,c,Psychic,c,Dynamic Punch,c,Ice Punch,c,,c,,c,,c,,c,
Electrike,309,Electric,,123,78,80,c,Spark,c,Quick Attack,c,,c,,c,,c,,c,,c,Thunderbolt,c,Discharge,c,Swift,c,,c,,c,,c,,c,
Manectric,310,Electric,,215,127,140,c,Snarl,c,Charge Beam,c,,c,,c,,c,,c,,c,Thunder,c,Wild Charge,c,Flame Burst,c,,c,,c,,c,,c,
Plusle,311,Electric,,167,147,120,c,Spark,c,Quick Attack,c,,c,,c,,c,,c,,c,Thunderbolt,c,Discharge,c,Swift,c,,c,,c,,c,,c,
Minun,312,Electric,,147,167,120,c,Spark,c,Quick Attack,c,,c,,c,,c,,c,,c,Thunderbolt,c,Discharge,c,Swift,c,,c,,c,,c,,c,
Volbeat,313,Bug,,143,171,130,c,Struggle Bug,c,Tackle,c,,c,,c,,c,,c,,c,Thunderbolt,c,Signal Beam,c,Bug Buzz,c,,c,,c,,c,,c,
Illumise,314,Bug,,143,171,130,c,Struggle Bug,c,Tackle,c,,c,,c,,c,,c,,c,Bug Buzz,c,Dazzling Gleam,c,Silver Wind,c,,c,,c,,c,,c,
Roselia,315,Grass,Poison,186,148,100,c,Razor Leaf,c,Poison Jab,c,,c,,c,,c,,c,,c,Petal Blizzard,c,Sludge Bomb,c,Dazzling Gleam,c,,c,,c,,c,,c,
Gulpin,316,Poison,,80,99,140,c,Pound,c,Rock Smash,c,,c,,c,,c,,c,,c,Gunk Shot,c,Sludge,c,Ice Beam,c,,c,,c,,c,,c,
Swalot,317,Poison,,140,159,200,c,Rock Smash,c,Infestation,c,,c,,c,,c,,c,,c,Gunk Shot,c,Sludge Bomb,c,Ice Beam,c,,c,,c,,c,,c,
Carvanha,318,Water,Dark,171,39,90,c,Bite,c,Snarl,c,,c,,c,,c,,c,,c,Crunch,c,Aqua Jet,c,Poison Fang,c,,c,,c,,c,,c,
Sharpedo,319,Water,Dark,243,83,140,c,Waterfall,c,Bite,c,,c,,c,,c,,c,,c,Hydro Pump,c,Crunch,c,Poison Fang,c,,c,,c,,c,,c,
Wailmer,320,Water,,136,68,260,c,Water Gun,c,Splash,c,,c,,c,,c,,c,,c,Heavy Slam,c,Body Slam,c,Water Pulse,c,,c,,c,,c,,c,
Wailord,321,Water,,175,87,340,c,Water Gun,c,Zen Headbutt,c,,c,,c,,c,,c,,c,Surf,c,Blizzard,c,Hyper Beam,c,,c,,c,,c,,c,
Numel,322,Fire,Ground,119,82,120,c,Ember,c,Tackle,c,,c,,c,,c,,c,,c,Heat Wave,c,Stomp,c,Bulldoze,c,,c,,c,,c,,c,
Camerupt,323,Fire,Ground,194,139,140,c,Ember,c,Rock Smash,c,,c,,c,,c,,c,,c,Overheat,c,Earthquake,c,Solar Beam,c,,c,,c,,c,,c,
Torkoal,324,Fire,,151,234,140,c,Fire Spin,c,Ember,c,,c,,c,,c,,c,,c,Overheat,c,Solar Beam,c,Earthquake,c,,c,,c,,c,,c,
Spoink,325,Psychic,,125,145,120,c,Zen Headbutt,c,Splash,c,,c,,c,,c,,c,,c,Shadow Ball,c,Mirror Coat,c,Psybeam,c,,c,,c,,c,,c,
Grumpig,326,Psychic,,171,211,160,c,Extrasensory,c,Charge Beam,c,,c,,c,,c,,c,,c,Psychic,c,Shadow Ball,c,Mirror Coat,c,,c,,c,,c,,c,
Spinda,327,Normal,,116,116,120,c,Sucker Punch,c,Psycho Cut,c,,c,,c,,c,,c,,c,Rock Tomb,c,Dig,c,Icy Wind,c,,c,,c,,c,,c,
Trapinch,328,Ground,,162,78,90,c,Struggle Bug,c,Mud Shot,c,,c,,c,,c,,c,,c,Dig,c,Sand Tomb,c,Crunch,c,,c,,c,,c,,c,
Vibrava,329,Ground,Dragon,134,99,100,c,Dragon Breath,c,Mud Shot,c,,c,,c,,c,,c,,c,Bulldoze,c,Bug Buzz,c,Sand Tomb,c,,c,,c,,c,,c,
Flygon,330,Ground,Dragon,205,168,160,c,Dragon Tail,c,Mud Shot,c,,c,,c,,c,,c,,c,Stone Edge,c,Earthquake,c,Dragon Claw,c,,c,,c,,c,,c,
Cacnea,331,Grass,,156,74,100,c,Sucker Punch,c,Poison Sting,c,,c,,c,,c,,c,,c,Grass Knot,c,Seed Bomb,c,Brick Break,c,,c,,c,,c,,c,
Cacturne,332,Grass,Dark,221,115,140,c,Poison Jab,c,Sucker Punch,c,,c,,c,,c,,c,,c,Grass Knot,c,Dynamic Punch,c,Dark Pulse,c,,c,,c,,c,,c,
Swablu,333,Normal,Flying,76,139,90,c,Peck,c,Astonish,c,,c,,c,,c,,c,,c,Aerial Ace,c,Ice Beam,c,Disarming Voice,c,,c,,c,,c,,c,
Altaria,334,Dragon,Flying,141,208,150,c,Dragon Breath,c,Peck,c,,c,,c,,c,,c,,c,Sky Attack,c,Dragon Pulse,c,Dazzling Gleam,c,,c,,c,,c,,c,
Zangoose,335,Normal,,222,124,146,c,Shadow Claw,c,Fury Cutter,c,,c,,c,,c,,c,,c,Close Combat,c,Night Slash,c,Dig,c,,c,,c,,c,,c,
Seviper,336,Poison,,196,118,146,c,Poison Jab,c,Iron Tail,c,,c,,c,,c,,c,,c,Poison Fang,c,Crunch,c,Wrap,c,,c,,c,,c,,c,
Lunatone,337,Rock,Psychic,178,163,180,c,Rock Throw,c,Confusion,c,,c,,c,,c,,c,,c,Psychic,c,Rock Slide,c,Moonblast,c,,c,,c,,c,,c,
Solrock,338,Rock,Psychic,178,163,180,c,Rock Throw,c,Confusion,c,,c,,c,,c,,c,,c,Psychic,c,Solar Beam,c,Rock Slide,c,,c,,c,,c,,c,
Barboach,339,Water,Ground,93,83,100,c,Water Gun,c,Mud Shot,c,,c,,c,,c,,c,,c,Aqua Tail,c,Mud Bomb,c,Ice Beam,c,,c,,c,,c,,c,
Whiscash,340,Water,Ground,151,143,220,c,Water Gun,c,Mud Shot,c,,c,,c,,c,,c,,c,Blizzard,c,Mud Bomb,c,Water Pulse,c,,c,,c,,c,,c,
Corphish,341,Water,,141,113,86,c,Bubble,c,Rock Smash,c,,c,,c,,c,,c,,c,Bubble Beam,c,Aqua Jet,c,Vice Grip,c,,c,,c,,c,,c,
Crawdaunt,342,Water,Dark,224,156,126,c,Waterfall,c,Snarl,c,,c,,c,,c,,c,,c,Bubble Beam,c,Night Slash,c,Vice Grip,c,,c,,c,,c,,c,
Baltoy,343,Ground,Psychic,77,131,80,c,Confusion,c,Extrasensory,c,,c,,c,,c,,c,,c,Psybeam,c,Dig,c,Gyro Ball,c,,c,,c,,c,,c,
Claydol,344,Ground,Psychic,140,236,120,c,Confusion,c,Extrasensory,c,,c,,c,,c,,c,,c,Psychic,c,Earthquake,c,Gyro Ball,c,,c,,c,,c,,c,
Lileep,345,Rock,Grass,105,154,132,c,Acid,c,Infestation,c,,c,,c,,c,,c,,c,Grass Knot,c,Ancient Power,c,Mirror Coat,c,,c,,c,,c,,c,
Cradily,346,Rock,Grass,152,198,172,c,Acid,c,Infestation,c,,c,,c,,c,,c,,c,Stone Edge,c,Grass Knot,c,Bulldoze,c,,c,,c,,c,,c,
Anorith,347,Rock,Bug,176,100,90,c,Struggle Bug,c,Scratch,c,,c,,c,,c,,c,,c,Cross Poison,c,Ancient Power,c,Aqua Jet,c,,c,,c,,c,,c,
Armaldo,348,Rock,Bug,222,183,150,c,Struggle Bug,c,Fury Cutter,c,,c,,c,,c,,c,,c,Rock Blast,c,Cross Poison,c,Water Pulse,c,,c,,c,,c,,c,
Feebas,349,Water,,29,102,40,c,Tackle,c,Splash,c,,c,,c,,c,,c,,c,Mirror Coat,c,,c,,c,,c,,c,,c,,c,
Milotic,350,Water,,192,242,190,c,Dragon Tail,c,Water Gun,c,,c,,c,,c,,c,,c,Surf,c,Blizzard,c,Hyper Beam,c,,c,,c,,c,,c,
Castform,351,Normal,,139,139,140,c,Bite,c,Rock Smash,c,,c,,c,,c,,c,,c,Stomp,c,Crunch,c,Ancient Power,c,,c,,c,,c,,c,
Kecleon,352,Normal,,161,212,120,c,Lick,c,Sucker Punch,c,,c,,c,,c,,c,,c,Thunder,c,Foul Play,c,Flamethrower,c,Ice Beam,c,Aerial Ace,c,Shadow Sneak,c,,c,
Shuppet,353,Ghost,,138,66,88,c,Feint Attack,c,Astonish,c,,c,,c,,c,,c,,c,Night Shade,c,Ominous Wind,c,Shadow Sneak,c,,c,,c,,c,,c,
Banette,354,Ghost,,218,127,128,c,Shadow Claw,c,Hex,c,,c,,c,,c,,c,,c,Thunder,c,Shadow Ball,c,Dazzling Gleam,c,,c,,c,,c,,c,
Duskull,355,Ghost,,70,162,40,c,Hex,c,Astonish,c,,c,,c,,c,,c,,c,Night Shade,c,Ominous Wind,c,Shadow Sneak,c,,c,,c,,c,,c,
Dusclops,356,Ghost,,124,234,80,c,Feint Attack,c,Hex,c,,c,,c,,c,,c,,c,Shadow Punch,c,Ice Punch,c,Fire Punch,c,,c,,c,,c,,c,
Tropius,357,Grass,Flying,136,165,198,c,Razor Leaf,c,Air Slash,c,,c,,c,,c,,c,,c,Leaf Blade,c,Stomp,c,Aerial Ace,c,,c,,c,,c,,c,
Chimecho,358,Psychic,,175,174,150,c,Extrasensory,c,Astonish,c,,c,,c,,c,,c,,c,Shadow Ball,c,Psyshock,c,Energy Ball,c,,c,,c,,c,,c,
Absol,359,Dark,,246,120,130,c,Snarl,c,Psycho Cut,c,,c,,c,,c,,c,,c,Thunder,c,Megahorn,c,Dark Pulse,c,,c,,c,,c,,c,
Wynaut,360,Psychic,,41,86,190,c,Counter,c,Splash,c,,c,,c,,c,,c,,c,Mirror Coat,c,,c,,c,,c,,c,,c,,c,
Snorunt,361,Ice,,95,95,100,c,Hex,c,Powder Snow,c,,c,,c,,c,,c,,c,Avalanche,c,Shadow Ball,c,Icy Wind,c,,c,,c,,c,,c,
Glalie,362,Ice,,162,162,160,c,Frost Breath,c,Ice Shard,c,,c,,c,,c,,c,,c,Avalanche,c,Shadow Ball,c,Gyro Ball,c,,c,,c,,c,,c,
Spheal,363,Ice,Water,95,90,140,c,Water Gun,c,Rock Smash,c,,c,,c,,c,,c,,c,Aurora Beam,c,Body Slam,c,Water Pulse,c,,c,,c,,c,,c,
Sealeo,364,Ice,Water,137,132,180,c,Water Gun,c,Powder Snow,c,,c,,c,,c,,c,,c,Aurora Beam,c,Body Slam,c,Water Pulse,c,,c,,c,,c,,c,
Walrein,365,Ice,Water,182,176,220,c,Waterfall,c,Frost Breath,c,,c,,c,,c,,c,,c,Blizzard,c,Earthquake,c,Water Pulse,c,,c,,c,,c,,c,
Clamperl,366,Water,,133,149,70,c,Water Gun,c,,c,,c,,c,,c,,c,,c,Ice Beam,c,Body Slam,c,Water Pulse,c,,c,,c,,c,,c,
Huntail,367,Water,,197,194,110,c,Water Gun,c,Bite,c,,c,,c,,c,,c,,c,Aqua Tail,c,Ice Beam,c,Crunch,c,,c,,c,,c,,c,
Gorebyss,368,Water,,211,194,110,c,Confusion,c,Water Gun,c,,c,,c,,c,,c,,c,Psychic,c,Water Pulse,c,Draining Kiss,c,,c,,c,,c,,c,
Relicanth,369,Water,Rock,162,234,200,c,Water Gun,c,Zen Headbutt,c,,c,,c,,c,,c,,c,Hydro Pump,c,Aqua Tail,c,Ancient Power,c,,c,,c,,c,,c,
Luvdisc,370,Water,,81,134,86,c,Water Gun,c,Splash,c,,c,,c,,c,,c,,c,Water Pulse,c,Draining Kiss,c,Aqua Jet,c,,c,,c,,c,,c,
Bagon,371,Dragon,,134,107,90,c,Bite,c,Ember,c,,c,,c,,c,,c,,c,Flamethrower,c,Crunch,c,Twister,c,,c,,c,,c,,c,
Shelgon,372,Dragon,,172,179,130,c,Dragon Breath,c,Ember,c,,c,,c,,c,,c,,c,Flamethrower,c,Dragon Pulse,c,Twister,c,,c,,c,,c,,c,
Salamence,373,Dragon,Flying,277,168,190,c,Dragon Tail,c,Fire Fang,c,,c,,c,,c,,c,,c,Draco Meteor,c,Hydro Pump,c,Fire Blast,c,,c,,c,,c,,c,
Beldum,374,Steel,Psychic,96,141,80,c,Take Down,c,,c,,c,,c,,c,,c,,c,Struggle,c,,c,,c,,c,,c,,c,,c,
Metang,375,Steel,Psychic,138,185,120,c,Metal Claw,c,Zen Headbutt,c,,c,,c,,c,,c,,c,Psychic,c,Gyro Ball,c,Psyshock,c,,c,,c,,c,,c,
Metagross,376,Steel,Psychic,257,247,160,c,Zen Headbutt,c,Bullet Punch,c,,c,,c,,c,,c,,c,Flash Cannon,c,Psychic,c,Earthquake,c,,c,,c,,c,,c,
Regirock,377,Rock,,179,356,160,c,Rock Throw,c,Rock Smash,c,,c,,c,,c,,c,,c,Stone Edge,c,Focus Blast,c,Zap Cannon,c,,c,,c,,c,,c,
Regice,378,Ice,,179,356,160,c,Frost Breath,c,Rock Smash,c,,c,,c,,c,,c,,c,Blizzard,c,Focus Blast,c,Earthquake,c,,c,,c,,c,,c,
Registeel,379,Steel,,143,285,160,c,Metal Claw,c,Rock Smash,c,,c,,c,,c,,c,,c,Flash Cannon,c,Focus Blast,c,Hyper Beam,c,,c,,c,,c,,c,
Latias,380,Dragon,Psychic,228,268,160,c,Dragon Breath,c,Zen Headbutt,c,,c,,c,,c,,c,,c,Psychic,c,Thunder,c,Dragon Claw,c,,c,,c,,c,,c,
Latios,381,Dragon,Psychic,268,228,160,c,Dragon Breath,c,Zen Headbutt,c,,c,,c,,c,,c,,c,Psychic,c,Solar Beam,c,Dragon Claw,c,,c,,c,,c,,c,
Kyogre,382,Water,,270,251,182,c,Waterfall,l,Dragon Tail,c,,c,,c,,c,,c,,c,Hydro Pump,c,Blizzard,c,Thunder,c,,c,,c,,c,,c,
Groudon,383,Ground,,270,251,182,c,Dragon Tail,c,Mud Shot,c,,c,,c,,c,,c,,c,Earthquake,c,Solar Beam,c,Fire Blast,c,,c,,c,,c,,c,
Rayquaza,384,Dragon,Flying,284,170,191,c,Dragon Tail,c,Air Slash,c,,c,,c,,c,,c,,c,Outrage,c,Aerial Ace,c,Ancient Power,c,,c,,c,,c,,c,
Jirachi,385,Steel,Psychic,210,210,200,c,Confusion,c,Charge Beam,c,,c,,c,,c,,c,,c,Doom Desire,c,Psychic,c,Dazzling Gleam,c,,c,,c,,c,,c,
Deoxys,386,Psychic,,345,115,100,c,Counter,c,Zen Headbutt,c,,c,,c,,c,,c,,c,Zap Cannon,c,Swift,c,Psycho Boost,c,,c,,c,,c,,c,
Deoxys Attack,387,Psychic,,345,115,100,c,Counter,c,Zen Headbutt,c,,c,,c,,c,,c,,c,Zap Cannon,c,Swift,c,Psycho Boost,c,,c,,c,,c,,c,
Deoxys Defense,388,Psychic,,345,115,100,c,Counter,c,Zen Headbutt,c,,c,,c,,c,,c,,c,Zap Cannon,c,Swift,c,Psycho Boost,c,,c,,c,,c,,c,
Deoxys Speed,389,Psychic,,345,115,100,c,Counter,c,Zen Headbutt,c,,c,,c,,c,,c,,c,Zap Cannon,c,Swift,c,Psycho Boost,c,,c,,c,,c,,c,
